{
  "project_info": {
    "project_number": "616109979296",
    "project_id": "bdgcm-1342"
  },
  "client": [
    {
      "client_info": {
        "mobilesdk_app_id": "1:616109979296:android:78c4bd9f66b95121",
        "android_client_info": {
          "package_name": "ro.hevsoft.bdservice"
        }
      },
      "oauth_client": [],
      "api_key": [
        {
          "current_key": "AIzaSyCg2Jncx90zN5vnoQEBpToO-_ADxELly24"
        }
      ],
      "services": {
        "analytics_service": {
          "status": 1
        },
        "appinvite_service": {
          "status": 1,
          "other_platform_oauth_client": []
        },
        "ads_service": {
          "status": 1
        }
      }
    }
  ],
  "configuration_version": "1"
}